,Measured Protein,RABIT Protein
Dementia,ace2; acp6; acta2; adam8; adgrg1; agr2; agt; ambn; anxa10; arnt; artn; atp6ap2; blmh; c1qa; c1qtnf1; ca14; cbln4; ccl16; cd2; cd300lg; cd63; cdh17; ceacam5; cend1; clec4a; clec4g; cpa2; cst7; ctsc; ctsv; cxcl17; dcbld2; egfr; ephx2; fabp1; faslg; fbp1; fcar; fcgr2b; fgf21; gcnt1; gdf15; gfap; gh2; ghrl; gip; igf2r; igfbp3; igfbp7; il11; il12rb1; il17c; il18r1; il1b; il2rg; il4r; insl3; insr; kiaa1549; kir2dl3; klk14; lrrn1; lsm1; ltbp2; masp1; mb; mep1b; mmp3; ncam1; ncs1; ndufs6; nell2; nptx2; ntf4; nxph1; pag1; pi3; pmch; pnpt1; ptprn2; rab6a; rarres1; rbp2; ret; s100a11; slamf8; spink8; ssc4d; tacstd2; tcl1a; tfrc; thy1; tlr4; tnfrsf12a; tnni3; tp53; vcan; vgf,acadm; acan; afap1; aldh2; aoc1; armcx2; atp1b3; atp2b4; bcl7a; brd2; brd3; brdt; c1qtnf6; c1rl; caly; capn3; cbln1; cd109; cd248; cd3d; cd3g; cd8a; cep290; cinp; clec12a; coch; cope; crebzf; crx; csf3r; ctla4; cxcl3; dbh; dcdc2c; ddc; dkk3; dlgap5; edar; epha4; epo; ervv_1; f9; fgf19; fut1; gabra4; gadd45gip1; gata3; gc; glipr1; gpa33; grk5; gsap; gstm4; hdac8; heph; hif1a; hras; hsd17b3; ifnl2; igdcc3; il13ra2; il17d; il2; kir3dl1; klk1; klk10; krt17; lmod2; lysmd3; maged1; meltf; mfap3l; mmut; mn1; mrpl52; muc2; naga; nek7; nmrk2; nos2; nphs2; nptn; nrp1; osbpl2; pdxdc1; pepd; pfdn4; pla2g15; plxdc1; pnma2; ppm1a; prnd; prtg; ralb; relb; rgma; rnf43; s100p; satb1; scn3a; serpini2; shpk; sirpa; skap1; slamf7; slirp; snx5; sox2; sparc; tbr1; tex33; tgfbr3; tgm2; tmed1; tpbgl; tsc1; tspan15; txk; vcpkmt; vipr1; zp4
AD,adam15; adgrg1; adm; alcam; apoe; cd2; cert; enah; enpp7; fabp1; fcer2; flt3lg; fus; gfap; hyal1; il3; nefl; ret,akr1b10; cd14; cd58; cdkl5; ceacam1; cngb3; col28a1; cpxm1; cyp24a1; epb41l5; epha10; erc2; fam20a; gabra4; gbp4; glt8d2; grp; hsd17b3; il17f; megf11; naaa; ninj1; nlgn2; pnma1; prkag3; prss53; rspo1; s100g; sox9; uros; vim
CBVD,acan; ache; acrv1; acta2; acvrl1; adm; agr3; akr1c4; aldh3a1; angpt2; angptl4; arg1; arsa; art3; atox1; atp6v1d; atp6v1g2; b3gnt7; bcan; bche; bex3; c1qa; c7; ca11; ca14; ca7; ca9; camkk1; capn3; ccer2; ccl14; ccl15; ccl24; ccl27; ccl7; cd244; cd300lg; cd33; cd4; cdcp1; cdh15; ceacam5; cela3a; cep20; chek2; chrdl1; clec4c; clta; cndp1; col4a1; cpb1; crip2; crisp2; crlf1; crym; csf3; csrp3; cstb; cthrc1; ctnna1; ctsc; ctsf; ctsl; cxcl11; cxcl12; cxcl13; cxcl17; dkk4; dmp1; dpep1; dusp13; ebi3_il27; ece1; eda2r; enpp5; enpp7; entpd6; epgn; eps8l2; ern1; esm1; f10; f7; fabp9; fap; faslg; fbln2; fcamr; fcrl3; fcrl5; fes; fgf21; fgl1; fgr; fkbp7; flrt2; fut3_fut5; galnt10; galnt2; galnt3; galnt7; gas2; gbp4; gdf15; gdnf; gh1; gh2; gip; gkn1; glt8d2; gp1ba; gstp1; hao1; havcr1; hdac9; heph; hjv; hmcn2; hpgds; hrc; hsd17b3; icoslg; idua; ifngr1; ifnl1; il10ra; il15; il17d; il18r1; il1r1; il25; il33; il6; ism2; itgam; itih4; kcnip4; kdm3a; klk4; krt18; krt5; l1cam; lair1; lama4; lamb1; lamp2; lap3; lect2; lefty2; leo1; lpcat2; lrfn2; lrp2bp; lrrc25; ltb; ly96; matn3; megf9; milr1; mme; mmp12; mmp3; mpo; mslnl; ndrg1; nectin1; nefl; nell2; nenf; nmnat1; nos3; npc2; nptxr; ntprobnp; ntrk2; nxph1; ogt; omd; optc; padi2; padi4; pag1; pcare; pcdh9; pdgfrb; pga4; pinlyp; pla2g15; pla2g2a; pla2g7; plaur; plxdc1; pnlip; pnpt1; podxl2; ppm1a; prg2; prss27; psg1; psma1; psrc1; pten; ptx3; pvalb; qsox1; rassf2; reg1a; retn; rgma; rnase6; rnaset2; ror1; s100a16; scg3; scly; sct; sdc4; selplg; serpina12; serpina3; serpina9; serpini2; sftpa2; slit2; slitrk1; slitrk6; smad5; smarca2; smpd1; smpdl3a; sned1; spink4; spint1; srp14; ssc5d; stx16; stxbp3; sult2a1; susd5; tank; tcof1; tdgf1; tek; tff3; tgfbr3; tgoln2; tmem25; tmprss11b; tmprss15; tnfsf11; tnxb; tpbgl; tppp3; tpsg1; trim21; tshb; tspan7; unc5d; upb1; vwf; wfdc2; xcl1,abo; acp1; acrbp; acy3; adamtsl5; adra2a; afp; aida; akt1s1; alcam; aldh2; alpp; ank2; anp32c; anpep; apoa1; apoa2; apoa4; apoe; arid4b; armcx2; arnt; art5; artn; atp1b1; atp5f1d; babam1; bag3; batf; bcl2l1; bcl7a; bcl7b; bhlhe40; brd2; brdt; brme1; btla; c1qbp; c1qtnf6; caly; camlg; casp4; ccl20; ccl26; ccl8; cd109; cd177; cd209; cd22; cd226; cd300e; cd3d; cd3g; cd58; cd63; cd86; cd93; cdc25a; cdh17; cdh5; ceacam21; cela2a; cep112; cep170; cep350; ces3; chmp1a; cinp; clasp1; clec10a; clec2l; clint1; clspn; clstn3; cnpy2; col18a1; col1a1; col2a1; col3a1; cope; cpe; cplx2; cptp; cpxm2; creb3; csf2; csf2rb; csh1; csnk1d; cst7; ctsb; cxcl1; cxcl3; cxcl6; cyb5a; cyth3; dand5; dbh; dcdc2c; dcun1d2; dda1; ddx39a; ddx4; ddx53; defb103a_defb103b; defb116; defb118; dlgap5; dlk1; dll4; doc2b; dock9; dscam; dync1h1; ecscr; edem2; ednrb; enox2; enpep; ensa; entpd2; epb41l5; epcam; erbb2; erc2; evi2b; evpl; fcgr2b; fgf2; fgf7; fgfbp2; fmr1; furin; fut1; fut8; fxn; fzd10; gabarapl1; gadd45b; gbp6; gcg; gfod2; glo1; glod4; gngt1; gnpda1; gp6; gpa33; gpc5; gpihbp1; grsf1; gsap; gsr; gstm4; gstt2b; gucy2c; h2ap; hbegf; hbz; hcg22; hgfac; hhex; hk2; hmmr; hnf1a; hs6st2; hyou1; ifnar1; igdcc3; igfbp3; igfbp4; il13ra2; il17a; il17f; il1a; il2; il20ra; il22ra1; il31; il5; il9; itgb1; jmjd1c; kiaa2013; kir2dl2; kir2ds4; kir3dl2; klb; klk12; klk13; klk15; klrd1; krt17; lat; lcn15; lgals8; lgmn; lipf; lpo; lrp2; lsm1; lta4h; lypd1; m6pr; maneal; map1lc3b2; map2; masp1; mcts1; mdga1; med21; megf10; mep1b; metap1; mllt1; mmut; mn1; mog; morf4l2; mrpl52; mrps16; mtdh; muc16; myh4; myl6b; mylpf; myom1; naaa; ndst1; nek7; nfatc1; nhlrc3; nmrk2; nop56; nptx1; nrtn; nrxn3; nt5e; ocln; ofd1; pam; pcsk7; pdcd6; pde1c; pdgfb; pfdn4; pglyrp2; pithd1; pkn3; pnliprp2; podxl; ppp1cc; ppp1r14a; ppy; prdx1; prdx6; prkcq; prkd2; prnd; pros1; prss53; prtg; psca; psmc3; psmd1; ptprc; ptprz1; pttg1; pvr; pxdnl; rab3gap1; rad51; ralb; raly; ranbp2; rangap1; rap1a; rasgrf1; rbm17; rbm19; rbp1; reck; rest; rgl2; rgs8; rln1; rnf168; rrm2; rrp15; ruvbl1; ryr1; s100a14; saa4; sart1; scn2b; scn3a; scn3b; sdhb; sele; sema4c; septin9; serpina5; sgsh; siglec15; siglec8; sil1; slc28a1; slc51b; slirp; slk; slmap; smad2; snap25; snx2; sowaha; stx1b; susd1; tacstd2; tagln3; tef; terf1; tf; tfap2a; thrap3; thsd1; tia1; tjp3; tlr1; tlr2; tlr4; tmco5a; tmod4; tnc; tnfrsf17; tnpo1; top1mt; tprkb; treml1; tspan15; tubb3; txndc9; uhrf2; ung; upk3bl1; usp47; vcpkmt; vegfd; vipr1; vsnl1; vwa5a; wasl; wdr46; wif1; wnt9a; xrcc4; yy1; znrf4; zp4
CKD,a1bg; aamdc; abhd14b; acaa1; acta2; actn4; acvrl1; adam15; adamts8; adgre2; agr2; agr3; agrp; agxt; ak1; akap12; amfr; amy2b; angptl2; angptl7; anp32c; anxa5; aoc1; apcs; apom; app; arhgef10; arnt; asgr2; atp6ap2; bambi; bglap; bola1; bst1; btd; c2cd2l; ca4; calb1; casp1; cbx2; cc2d1a; ccdc80; ccl15; ccl16; ccl19; ccl23; ccl26; ccl27; ccl4; ccnd2; cd14; cd1c; cd276; cd302; cd38; cd59; cd6; cd70; cd86; cdhr2; cdk1; cdnf; cdsn; ceacam16; ceacam8; cfp; chi3l1; cinp; clec1a; clec4a; clec4m; clstn1; clu; clul1; cntn3; col15a1; col6a3; col9a1; cpa1; cpe; cpxm1; crh; crip2; crx; crybb2; crygd; cstb; ctag1a_ctag1b; ctrc; ctsb; ctsd; ctsh; ctso; cxadr; cxcl8; cytl1; dcn; ddx1; defa1_defa1b; defb104a_defb104b; defb4a_defb4b; dkk4; dnaja1; dnph1; dsc2; dsg3; dtx2; ecm1; eda2r; edil3; efna4; eloa; entpd2; entpd6; epo; erbb2; f3; fabp2; fabp4; fabp9; fam3b; fap; fcn2; fdx1; fen1; fes; fgf5; fgf6; fgfbp1; flt3; folr1; folr2; galnt7; gc; gdf15; gdf2; gfra1; gga1; ghrl; gimap8; gipc2; glo1; glyr1; gm2a; gpa33; gpc1; gpr158; gprc5c; guk1; gzma; h2ap; havcr1; hdac8; hpcal1; hrc; hs6st1; hsd11b1; hsp90b1; hspg2; icam3; icam5; ids; ifit1; ifng; igfbp4; igfbp6; igsf3; il10ra; il12rb1; il18r1; il18rap; il1r2; il22; inpp5j; insl4; jchain; jun; kazald1; kcnip4; kir2dl3; klf4; klk4; kyat1; kynu; lag3; lcp1; lgals1; lgals3; lgmn; lhb; lhpp; lif; lilrb5; lpo; lsp1; lta4h; luzp2; ly6d; lyar; lypd1; lyve1; map3k5; mfap3; milr1; mmp10; mmp13; mmp7; msmb; myom3; mzb1; naaa; nadk; nbl1; ncan; nectin4; nell1; nfatc3; ngf; nos1; npc2; npdc1; nptx1; nrp1; nt5e; ntprobnp; nucb2; obp2b; ogn; olr1; omg; optc; osmr; padi2; padi4; paep; pbxip1; pcdh17; pcdhb15; pcna; phospho1; pi3; pik3ap1; pla2g1b; pla2g7; plxnb2; podxl; pof1b; pon3; prc1; prdx1; prelp; prkcq; prrt3; prune2; psg1; psma1; ptn; ptp4a3; pxdnl; rab37; rarres1; rbks; rbm25; rbp7; relt; ren; rgma; rgs8; rnase1; rnase3; rps10; rrm2b; rspo3; rtbdn; rtn4r; s100a11; s100a4; scarb2; scgb1a1; scp2; scrg1; sdc1; sdc4; serpina6; serpina9; serpinb8; serpinc1; serpinf1; sftpa2; sgsh; shisa5; skap1; slit2; smpdl3b; sncg; snx15; sod3; spink1; spink4; spint1; spon1; ssh3; tafa5; tcl1a; tcn1; tdp1; tff1; tff2; tff3; tfpi2; tgfbi; tgfbr2; tgfbr3; thop1; timd4; timp1; tjap1; tmed4; tmprss15; tnc; tnfaip8; tnfrsf12a; tnfrsf6b; tnfsf11; tnfsf12; tnfsf13; tnfsf14; trim21; trpv3; tsc1; umod; uxs1; vcam1; vsig2; vsig4; vstm1; vstm2l; wasf3; wfdc2; wif1; wnt9a; zp3,abl1; abo; acadm; acadsb; acp6; acrv1; adam12; adamts15; adcyap1r1; adgre5; adra2a; agbl2; alms1; amdhd2; amigo1; amy1a_amy1b_amy1c; ankra2; anxa11; apob; arf6; arg2; arhgap5; armcx2; arntl; asah1; atf4; atp1b1; atp5f1d; atp6v1g2; axl; b2m; b3gat3; babam1; bcl2; bcl7a; bcl7b; bcr; bdnf; bmp6; bmper; bpifb1; brd1; brd3; brdt; brk1; bsnd; bst2; btla; btn1a1; c19orf12; c1galt1c1; c1qtnf5; c1qtnf9; c7orf50; ca7; cabp2; cacna1h; cadps; calb2; calca; calcb; cant1; casp4; cblif; cbln1; cbln4; ccdc28a; ccdc50; ccer2; ccl2; cd101; cd109; cd164l2; cd2; cd226; cd300e; cd3d; cd3g; cd58; cdan1; cdc123; cdc25a; cdh22; cdh23; cdh4; cdhr5; cdon; ceacam20; ceacam6; cenpj; cep170; cep290; cep350; cfhr4; chac2; chga; chm; chp1; chrm1; clec4c; clic5; clint1; clspn; cndp1; cntnap4; col1a1; col4a4; copb2; cox6b1; cpb1; cptp; crebzf; crisp3; crtac1; crtap; csf3r; csnk1d; ctla4; ctrl; ctse; cuzd1; cxcl10; cxcl3; cyb5a; cyp24a1; cyth3; dand5; dapk2; dapp1; dcdc2c; dclre1c; dda1; ddi2; ddx25; ddx39a; ddx53; defb103a_defb103b; dgcr6; dgkz; dhodh; diablo; dlgap5; dnajb1; dnlz; dnm1; doc2b; dpp10; dsg2; dtx3; dync1h1; ece1; ecscr; edar; edem2; edf1; ednrb; efnb2; eif4e; eng; enoph1; enox2; epb41l5; epn1; erc2; ercc1; evi2b; f7; farsa; fcgr2b; fcrl2; fdx2; fga; fgf16; fgf2; fgf20; fgf9; fh; fhip2a; fkbp1b; flrt2; flt1; flt3lg; fmr1; folh1; fosb; foxo1; fut1; fut8; fxyd5; gabra4; gad1; gadd45b; gage2a; galnt5; gamt; gapdh; gas6; gask1a; gata3; gchfr; gdnf; gh1; ghr; gimap7; gipc3; gipr; gja8; gkn1; glipr1; glp1r; glrx5; glt8d2; gp2; gpha2; grap2; grk5; grp; gstm4; gstt2b; gucy2c; hadh; hcg22; hif1a; hip1; hjv; hk2; hla_dra; hmgcs1; hmmr; hs3st3b1; hs6st2; htr1b; hyou1; icam4; id4; ifngr2; igdcc3; igf1r; igf2bp3; igfl4; ighmbp2; ikzf2; il10; il11; il13; il13ra2; il17ra; il1b; il20ra; il20rb; il25; il36a; il4r; il5ra; il7; il9; impg1; ism2; itgam; itgb1bp1; itgb7; itpa; izumo1; jam2; kcnc4; kcnh2; khdc3l; kiaa1549; kiaa1549l; kiaa2013; kif20b; kirrel1; klk12; klk15; klk8; klrc1; krt19; krt8; lama1; lama4; lamtor5; lbp; ldlrap1; leg1; lilra5; lilra6; lmod2; lrfn2; lrig3; lrp11; lrp2; lrpap1; lrrc37a2; lrrc38; lrrn1; lrtm1; lsm1; lxn; lypla2; lyzl2; m6pr; mamdc2; mamdc4; map1lc3a; map1lc3b2; mapre3; mcee; megf9; mepe; mfap3l; micall2; micb_mica; mki67; mmp15; mmut; mn1; morc3; morf4l1; morn4; mpi; mprip; mrpl28; mrpl52; mrps16; mst1; mtpn; muc13; myh4; myl6b; myo6; myom1; naprt; nars1; nectin1; nedd4l; nenf; nfic; nfkb2; nid1; nlgn1; nlgn2; nme1; nmrk2; nop56; nos2; nphs2; npm1; nptn; nrn1; nrtn; nrxn3; ntrk2; nubp1; nudt10; nudt2; nup50; nxpe4; ocln; ogt; osbpl2; ostn; otoa; pafah1b3; paip2b; palld; palm3; pcdh7; pdap1; pdcd1lg2; pdcl2; pde1c; pdgfb; pdia3; pdia5; pdrg1; pdxdc1; pf4; pfdn2; pglyrp4; pgr; phldb2; pithd1; pklr; pla2g15; plcb2; plxna4; pmch; pnliprp1; pnma2; polr2a; postn; ppie; ppif; ppl; ppm1a; ppp1r12b; ppp1r14d; ppp3r1; ppt1; ppy; pqbp1; prame; prkd2; prl; prnd; prss2; prss53; prtg; prtn3; psca; psmc3; psrc1; ptgr1; pth; ptprf; pttg1; pvalb; rab39b; rab3gap1; rab6b; ralb; rap1a; rarres2; rasa1; rbm17; rbpms; relb; rest; rexo2; rictor; ripk4; rln1; rnase6; rnf31; rnf4; rp2; rpe; rrp15; safb2; sag; scgb2a2; scin; scn2a; scn2b; scn3b; sdhb; septin7; septin9; serpina1; serpina5; serpinb9; serpine1; serpine2; serping1; sf3b4; sh3bgrl2; sh3gl3; shpk; siglec15; sil1; sirt1; sla2; slc1a4; slc34a3; slc44a4; slitrk2; slk; smad5; snu13; sord; sowaha; spag1; spink6; sptbn2; ssb; st8sia1; stam; stx3; suox; sytl4; tap1; tarm1; tcl1b; tdgf1; tdo2; tef; tek; terf1; tex101; tex33; tfpi; tgfb2; thbs2; thrap3; thtpa; tinagl1; tjp3; tk1; tmem106a; tmod4; tnpo1; top1mt; tp73; tppp2; tprkb; tpsd1; tpsg1; tpt1; traf3ip2; trdmt1; treh; trim26; tspan7; tubb3; txnl1; tyrp1; ube2b; ubqln3; ugdh; uhrf2; ung; upk3a; upk3bl1; uros; vcpkmt; vegfa; vegfc; vegfd; vim; vipr1; vnn1; vsig10; was; wasl; yars1; ythdf3; znf830; znrf4; zp4
CLD,acy1; ager; ahsp; arhgap1; arid4b; asah2; bst2; ca14; cbx2; ccdc28a; ccl26; cd274; cd6; cd99l2; cdhr2; ceacam1; chad; cntn5; cpox; creg1; csnk1d; ctsb; ctsh; ctsl; cxcl12; dgcr6; fgf20; ggt1; grn; hmox2; hyou1; idua; igfbp3; il11; il32; il6; kit; kitlg; lgals7_lgals7b; ltbr; ly75; mepe; ncr1; plxdc1; rbp5; rida; scly; serpinc1; sox9; suox; tfpi2; tnfrsf10a; vwa1; vwc2l,akr7l; arntl; bhlhe40; bpifa2; brme1; c1qtnf5; ca7; cacnb1; casp4; cbln4; cdan1; cdon; cep112; chp1; cntf; col1a1; cox5b; csh1; ctag1a_ctag1b; ctrb1; doc2b; dpp4; f10; fgf6; fgf9; fkbp1b; gad2; hpgds; htr1a; ifnl2; iglon5; il1rn; insl5; itgb1bp2; kiaa1549l; kiaa2013; kif20b; kir3dl2; ldlr; lta4h; map1lc3b2; megf10; megf9; micall2; morf4l2; mrpl52; muc16; myo6; nampt; nme1; nop56; ntf3; ostn; pag1; pbk; pdzd2; podxl; prtg; psma1; scn3a; selenop; selplg; slirp; spag1; sumf1; tf; thbs2; tlr4; ugdh; ung; zpr1
COPD,aamdc; acan; acrv1; acta2; ada; adam15; adam22; adamtsl5; adgre2; adgrg1; agr3; ahsa1; akr1c4; amfr; amigo1; angptl2; angptl4; anpep; anxa10; asah2; atp1b1; atp1b2; b3gnt7; bambi; blnk; blvrb; bpifb1; brsk2; btn1a1; ca6; ccer2; ccl11; ccl15; ccl16; ccl20; cd109; cd200r1; cd244; cd300a; cd302; cda; cdcp1; cdh3; cdhr1; ckb; clec12a; clstn3; clul1; cntn1; cntn2; cntnap2; col1a1; cpxm2; crebzf; crhbp; crx; cst6; cxcl10; cxcl13; cxcl14; cxcl17; dcbld2; dcn; dcxr; dkk3; dpp6; ebi3_il27; eda2r; edn1; efna1; eif5a; enpp5; enpp6; epo; esm1; faslg; fbp1; fcar; fcgr3b; fcrl1; fetub; fgf23; fgfbp1; fhip2a; fli1; fst; fut3_fut5; gadd45b; gapdh; gba; gbp6; gcg; gdf15; ggh; gh2; gimap7; golm2; gp5; gpha2; havcr1; hrc; hrg; hs6st1; ift20; igdcc4; igfbp1; igfbp2; iglc2; il12b; il12rb2; il19; il1rl2; il22ra1; il24; il3ra; il5; itga11; itga5; itgam; itgb1bp1; itgbl1; itih4; kdm3a; kiaa1549l; kir2dl3; kirrel2; klk13; klk7; klk8; klrd1; krt14; kyat1; lama1; lama4; lamp3; lbp; leo1; lgals4; lilra5; lilra6; lpcat2; lrg1; lrrn1; lta4h; ltbp3; ltbr; ly6d; ly9; mamdc2; mansc4; matn2; mepe; micb_mica; mmp1; mmp12; mmp9; mrc1; msln; mtpn; nagk; ncan; ncln; ncs1; ndst1; nfat5; nrp1; nrtn; nrxn3; nt5e; ntf3; ntprobnp; ocln; olr1; omd; omg; osmr; oxt; padi2; padi4; parp1; pcsk9; pdcd1lg2; pdcl2; per3; pi3; pik3ap1; plau; plxdc2; pnlip; pon3; ppie; ppp1r14d; ppy; prelp; prss8; prtg; psg1; psmd1; pspn; ptx3; rab6b; rap1a; rbp7; rcor1; reg1a; reg4; ren; rgmb; robo1; scg2; scgb3a1; selenop; serpina9; serpini2; sftpd; sh3bgrl2; sirpa; slc13a1; slc16a1; slc39a14; slit2; smoc1; smpd3; snx18; sord; spink1; spink5; spint1; spring1; st3gal1; stab2; sumf1; susd2; susd5; tbc1d17; tdo2; tff1; tff3; tgfbi; tgoln2; timp4; tmed10; tmem25; tmprss5; tnfrsf10c; tnfrsf13b; tnfrsf13c; tnfrsf19; tnfrsf6b; tnfsf13b; tnr; tnxb; treml2; trim40; trpv3; tspan1; tyrp1; unc79; usp28; vat1; vegfa; vtcn1; wars; wasf3; wfdc12; wfdc2; wif1; wnt9a; xpnpep2; xrcc4; zpr1,abo; acaa1; acadm; acot13; acox1; acy3; adgrv1; afap1; aif1l; alms1; ambn; amdhd2; amigo2; amy2b; ank2; aoc1; apobr; arg1; arhgap5; arid3a; arid4b; arl13b; art5; artn; atf2; atp1b4; atp6ap2; atp6v1g2; atxn2; axl; azu1; b3gat3; bag4; bcl7a; bhlhe40; bloc1s2; bnip2; brd2; brdt; bsnd; btc; btd; c1r; ca8; cacna1c; cacna1h; cadps; cbln4; ccdc28a; ccl13; ccl17; ccl19; ccl26; cd101; cd160; cd164l2; cd3e; cd6; cd93; cdc123; cdh22; cdh5; cdhr5; ceacam6; cend1; cep152; cep164; cep290; ces1; cetn3; cfb; cfi; cgn; chek2; chga; chit1; chp1; cinp; clec11a; clec3b; clec4m; clint1; clmp; clns1a; clspn; clstn2; clu; cntn4; col2a1; col4a1; copb2; coro6; cpa1; cr2; crym; csde1; csh1; ctag1a_ctag1b; ctla4; ctnna1; ctrl; cuzd1; cxcl12; cyp24a1; cytl1; dand5; dapk2; dars1; dbh; dclre1c; dcun1d1; ddc; ddx1; ddx25; ddx39a; defb118; dhodh; dlgap5; dnaja1; doc2b; dpp7; dusp13; dusp3; dynlt1; eddm3b; eef1d; endou; epb41l5; epha10; epha4; erbb2; erc2; espl1; evi2b; f11; fam171a2; fcgr2a; fgf3; fgf6; fgfbp2; fh; fkbp7; folr3; fos; frmd7; fut1; fxn; fyb1; gabarapl1; gad1; gad2; gage2a; galnt2; gata3; gbp4; gfod2; gfra3; ghrhr; gid8; gja8; gli2; glipr1; glp1r; glt8d2; glyr1; gnas; gngt1; gpa33; gpr101; gstp1; guk1; h2ap; hip1; hmgcs1; hmmr; hnf1a; hpse; hras; htr1b; icam3; ifnar1; igdcc3; igf2bp3; ighmbp2; iglon5; il10; il10ra; il13; il13ra2; il16; il17a; il17f; il20; il25; il2rb; il3; il33; il4; il5ra; il6; irak4; ism2; itgb5; itgb7; itpr1; jchain; jun; kcnc4; khdc3l; kir2ds4; kir3dl2; kirrel1; kitlg; klk12; klk15; klrb1; klrc1; krt17; lamp1; lcn15; lilra4; lilrb2; lpo; lpp; lrpap1; lyar; lyn; lypd1; lypd8; lyzl2; m6pr; magea3; map1lc3b2; mbl2; mdm1; megf10; mertk; mfap3; mfap3l; mgll; mn1; morc3; morf4l2; mpi; mpo; mrpl46; mrpl52; mrpl58; mrps16; mst1; myh4; myh7b; myom1; naa10; nadk; naprt; ncam1; necap2; nme3; nop56; npr1; nrcam; nrn1; nubp1; nudt10; ogt; orm1; osm; otoa; pam; pcna; pcsk7; pde1c; pde4d; pdgfb; pdxdc1; pecam1; pepd; pf4; pfdn4; pga4; plat; plxdc1; pnliprp2; podxl; postn; ppm1b; prdx6; prkar1a; prkcq; prr4; psapl1; psmc3; ptprf; pttg1; rab3gap1; rabepk; rac3; rad51; rasgrf1; rbm19; relb; reps1; rexo2; rgl2; rgma; rgs10; ripk4; rnaseh2a; rnf168; rps10; rrp15; rtkn2; ruvbl1; sap18; sbsn; scarb1; scgb3a2; scn3a; selplg; septin9; serpina1; serpinc1; serpine2; serpinf2; serping1; serpini1; sez6l; sfrp4; shh; siglec15; siglec5; sirt5; sit1; skap1; slc12a2; slc1a4; slc51b; slitrk2; smarca2; smpd1; sms; sox2; sprr1b; sptbn2; sptlc1; ssbp1; stau1; stk4; stoml2; stx1b; stx3; susd1; syngap1; tada3; tagln3; tap1; tarm1; tbcc; tcl1a; tcn1; tcp11; tdgf1; tek; terf1; tet2; tfpi; thap12; thpo; thsd1; tk1; tlr2; tmed1; tmem132a; tmod4; tmprss11b; tnfsf12; tnpo1; tprkb; traf3ip2; trim58; tshb; tslp; tsnax; tspan7; tubb3; txnl1; ubqln3; upk3bl1; vim; vipr1; vstm1; vwc2; vwf; wasl; wdr46; yy1; znf174
IHD,aarsd1; acaa1; acan; ace2; acp5; actn2; acvrl1; ada2; adam15; adam9; adamts1; adamts13; adamtsl4; add1; adgrb3; adgre1; adgre5; adgrg2; afp; agr2; agr3; agxt; ak1; akap12; akt3; aldh3a1; alpi; ambp; amn; amot; angpt2; angptl7; ank2; anpep; anxa10; anxa11; anxa2; aoc3; apoa4; apoc1; app; arg2; armcx2; asgr2; atg4a; atp6ap2; axl; b4gat1; bag6; bank1; bcam; bgn; bmp4; bpifb1; bpifb2; bst1; btn2a1; c1qa; c1ql2; c1r; c1s; ca1; ca5a; ca6; calb1; calb2; calca; carhsp1; casp1; ccdc134; ccdc80; ccl11; ccl15; ccl19; ccl20; ccl22; ccl25; ccl26; ccl27; ccl3; ccl5; ccn1; ccn2; ccn3; ccn4; ccn5; ccnd2; ccs; cd164; cd200; cd200r1; cd209; cd244; cd27; cd276; cd28; cd300a; cd300lf; cd302; cd38; cd4; cd5; cd59; cd74; cd83; cd93; cd99; cdc37; cdcp1; cdh1; cdh2; cdh23; cdh3; cdhr2; cdsn; ceacam5; ceacam8; celsr2; cenpf; ces1; ces2; cfh; chgb; chrdl1; chrdl2; cilp; clc; clec1a; clec4d; clstn2; clstn3; cntn2; cntn5; col2a1; col4a1; col5a1; col6a3; colec12; comp; coq7; coro1a; cpe; cpq; cpvl; cpxm2; cr2; creg1; creld1; crhbp; crisp3; crnn; crtac1; crtam; csf1r; csf2; csf2ra; csf2rb; csf3; cspg5; cst3; cst5; cst6; cstb; ctrc; ctsd; ctse; ctsf; ctsh; ctsl; cx3cl1; cxcl10; cxcl14; cxcl17; cxcl5; cxcl8; cxcl9; cytl1; dcbld2; dcc; dctpp1; ddt; defa1_defa1b; dhodh; dhps; dhrs4l2; dkk4; dkkl1; dlk1; dner; dpep1; dpp7; draxin; dsg3; eda2r; edil3; edn1; efna4; egfr; elavl4; endou; enoph1; enpp2; entpd2; entpd6; epgn; ephb6; epo; erbb3; ercc1; erp44; ezr; f10; f7; f9; fabp1; fabp4; fbp1; fcar; fcer1a; fcgr2a; fcgr2b; fcn2; fcrl1; fcrl2; fcrl3; fcrlb; fen1; fetub; fga; fgf19; fgf23; fgf5; fgfr2; fkbpl; flrt2; fmr1; fndc1; folr1; fosb; fst; fstl1; fuom; fut3_fut5; fzd10; fzd8; galnt7; gapdh; gas6; gask1a; gast; gbp1; gbp2; gbp6; gc; gfap; gga1; ggct; ggt1; gh1; gimap7; gja8; gkn1; gli2; glo1; glrx; gne; gnly; gpc5; gpr15l; gtf2ird1; guca2a; gusb; gzmb; hagh; havcr1; hebp1; hgf; hgfac; hla_a; hnrnpk; hs6st1; hsbp1; hsd17b3; hspb6; hspg2; icam1; icam2; icam5; idi2; ids; ifnar1; ifnl1; ifnlr1; igdcc4; igf1r; igf2r; igfbp3; igfbp4; igfl4; iglc2; il10; il11; il12b; il13ra1; il16; il17rb; il18rap; il19; il1rap; il1rl2; il22; il22ra1; il34; il3ra; il4r; il6; il6r; impg1; ipcef1; irak1; ism1; itgal; itgam; itgbl1; itprip; jam3; jchain; kctd5; kel; kir2dl3; kir2ds4; kit; klb; klk4; klk6; klk7; klkb1; klrd1; klrf1; krt19; krt8; l1cam; lacrt; lag3; lair2; lamb1; lamp2; lamp3; layn; lect2; lep; lepr; lgals4; lhb; lifr; lilrb4; lpl; lpp; lrfn2; lrp1; lrp11; lrrn1; lta; lta4h; ltbp2; lxn; ly75; ly96; lyve1; mad1l1; matn3; mcam; ment; mep1b; mertk; met; mfge8; milr1; mln; mmp1; mmp10; mmp12; mmp13; mmp7; mpo; mrpl46; mstn; muc2; myo9b; myom2; mzb1; mzt1; nampt; nbn; ncam1; ncam2; ncan; ndst1; nedd4l; nefl; nid1; nos1; nos3; npdc1; npl; nppb; npr1; nptn; nptx1; nptx2; nrp1; nt5c1a; nxph3; odam; olfm4; optc; osmr; p4hb; paip2b; palm; pamr1; parp1; pcdh1; pcdhb15; pcolce; pdgfc; pdgfrb; pecam1; pecr; pfdn2; pgf; pi16; pi3; pla2g10; plau; pltp; pon1; pon3; prkab1; prok1; prr5; prss22; prss8; prtn3; psap; psg1; pspn; pten; ptgds; pth1r; ptpn1; ptprc; ptprf; pts; pttg1; ptx3; pxn; qpct; rab44; rabepk; rassf2; rbks; reg1a; reg1b; reg3a; ren; rln2; rnase6; rnaset2; robo2; robo4; rtn4r; s100a11; s100a16; s100a3; s100a4; s100g; scg2; sct; selp; septin9; serpina9; serpinb5; serpinb8; serpine1; sez6l; sfrp1; sftpd; sh3bgrl2; shc1; shisa5; siae; siglec1; siglec7; sit1; slamf1; slamf6; slamf8; slc16a1; slc28a1; slc39a14; slc39a5; slc44a4; slitrk1; slk; smoc2; smpd1; sncg; snrpb2; sod1; sorbs1; spaca5_spaca5b; spesp1; spink4; spint2; spint3; spon1; spp1; spring1; ssb; ssc4d; st6gal1; stab2; stc1; stc2; stx16; stx7; susd2; tacstd2; tap1; tcn2; tek; tex33; tff1; tfpi2; tfrc; tgfa; tgfbr3; thbs4; thop1; tigar; timp2; timp4; tinagl1; tlr3; tmco5a; tnc; tnfaip8; tnfrsf10b; tnfrsf11b; tnfrsf12a; tnfrsf4; tnfsf12; tnfsf13b; tnfsf8; tnn; tnni3; tp53; tpmt; trem2; trim21; txndc15; ubac1; umod; uxs1; vamp5; vcan; vgf; vit; vsig2; vsnl1; vwf; wars; wasl; wfdc2; wfikkn1; wfikkn2; wif1; wnt9a; xcl1,abl1; abo; acadm; ace; ache; acox1; acrv1; acy3; acyp1; adam12; adam22; adamtsl2; adcyap1r1; adgrv1; afap1; agbl2; ahnak2; ahsa1; aida; aifm1; akr1c4; alms1; ambn; amdhd2; amigo1; amigo2; amy2a; angpt1; ankra2; anp32c; aoc1; ap1g2; apoa1; apod; apoe; apol1; araf; areg; arfip1; arhgap30; arhgap5; arhgef10; arid3a; arid4b; arntl; arsa; art5; atf2; atf4; atp1b1; atp1b2; atp1b3; atp5if1; atp6v1d; atxn10; b3gat3; bag4; bche; bcl7a; bcl7b; bdnf; bex3; bglap; bmp10; brd1; brd2; brd3; bsnd; btc; btn1a1; c1qbp; c1qtnf5; c1qtnf6; c2; c2orf69; c4bpb; c5; c8b; ca4; ca7; ca8; cacna1c; cacna1h; cadps; calcb; calcoco1; calcoco2; camkk1; capn3; caps; casp3; casp9; casq2; cbx2; ccar2; ccdc28a; ccdc50; ccer2; ccne1; cd101; cd164l2; cd177; cd226; cd300e; cd34; cd3d; cd3e; cd3g; cd40; cd58; cd63; cd69; cd82; cdc123; cdh22; cdh4; cdh5; cdhr1; cdk5rap3; cdnf; ceacam1; ceacam18; ceacam20; cela2a; cep152; cep170; cgref1; chac2; chit1; chl1; chmp1a; chp1; chrm1; clec10a; clec4c; clec5a; clec7a; clic5; clint1; clns1a; clps; clstn1; clta; clul1; cngb3; col1a1; col4a4; commd9; copb2; cope; cpa1; cpb1; cpb2; cplx2; cradd; creb3; crhr1; crlf1; crtap; crym; csde1; csf3r; csnk2a1; ctla4; ctsv; cwc15; cxcl16; cxcl3; cxcl6; cyb5a; cyp24a1; cyth3; dars1; dcdc2c; dclre1c; dda1; ddr1; ddx4; ddx53; dennd2b; dffa; dgcr6; dgkz; dipk1c; dkk1; dll4; dmp1; dnaja1; dnaja4; dnajb6; dnajb8; dnm1; dnm3; doc2b; dock9; dpep2; dusp3; dync1h1; ece1; echdc3; ecm1; ecscr; edem2; ednrb; ehbp1; eif1ax; eif2ak3; eif2s2; eif5a; eloa; eng; enox2; enpep; ensa; ep300; epb41l5; ereg; eri1; ermap; ervv_1; esr1; evi2b; evi5; evpl; exosc10; f11r; f12; faslg; fcamr; fcer2; fcgr3b; fcn1; fdx1; fdx2; fgf16; fgf3; fgf9; fgfbp2; fgfbp3; fgfr4; fh; fhip2a; fhit; fkbp1b; fli1; flt1; flt3; flt3lg; fn1; frmd7; fus; fut1; gabarapl1; gad1; gadd45b; gage2a; galnt2; gas2; gata3; gatd3; gba; get3; gfra2; ggact; ghr; ghrhr; gigyf2; gip; gipc3; glb1; gmfg; gngt1; gnpda2; gp5; gpihbp1; gpr101; gpr158; gpr37; grin2b; grk5; gsap; gsr; gstt2b; guk1; hadh; hbz; hcg22; hdac8; hdac9; hepacam2; heph; hip1; hmbs; hmcn2; hmgcs1; hmmr; hmox2; hnf1a; hpse; hras; hrc; hs1bp3; hs6st2; htr1b; hyou1; icoslg; idua; ifit1; ifng; ifnl2; igbp1; igdcc3; igf2bp3; ighmbp2; iglon5; il12rb1; il13ra2; il15; il17a; il1r1; il1r2; il2; il20; il20rb; il21r; il2ra; il2rb; il3; il31ra; il32; il33; il4; il5ra; il7; il9; impa1; inpp5j; insl5; insr; ist1; itga2; itgb2; itgb6; itpr1; ivd; jmjd1c; jun; kcnc4; kcnh2; kdm3a; kdr; khdc3l; kif20b; kif22; kir3dl2; kirrel1; kirrel2; klf4; klhl41; klk1; klk14; klrc1; krt5; krt6c; l3hypdh; lama1; lamtor5; lat; lats1; lcat; lelp1; leo1; lgals7_lgals7b; lmod1; lmod2; lpo; lrp2; lrrc37a2; lrrc38; lsm1; lsm8; lto1; lypd1; lysmd3; lyzl2; mag; magea3; maged1; maneal; map1lc3a; map1lc3b2; map2k1; mapk13; matn2; max; mcee; mcemp1; mdm1; med21; megf11; megf9; meltf; metap1; mfap3l; mitd1; mki67; mllt1; mmp15; mmp9; mnat1; mnda; morc3; morf4l1; morf4l2; mphosph8; mrc1; mri1; mrpl28; mrpl52; mrps16; msmb; mst1; mthfd2; muc16; mucl3; mxra8; myh4; myh7b; myl1; myl6b; mylpf; myo6; naa10; naga; nbl1; ncf2; ncln; ndrg1; ndufa5; ndufb7; ndufs6; necap2; nectin1; nek7; nell2; nfkb2; nfya; nhlrc3; nlgn1; nme3; nmnat1; nmrk2; notch1; notch2; notch3; nphs2; nrcam; nrxn3; nt5e; ntf3; ntrk2; nudt10; nudt15; nudt5; nup50; nxpe4; nxph1; ofd1; ogt; omg; omp; osbpl2; otoa; otud6b; otud7b; oxct1; padi4; paep; palld; palm3; pcare; pcdh17; pcdh7; pcna; pcsk7; pdap1; pdcd1; pdcd6; pde4d; pdgfa; pdia5; pdp1; pdrg1; pdzd2; pear1; pepd; pfdn4; pfdn6; pgm2; phldb2; phykpl; pibf1; pik3ap1; pikfyve; pilrb; pinlyp; pklr; pla2g1b; plat; plcb1; plg; plxdc2; plxna4; pm20d1; pmch; pms1; pmvk; pnpt1; podxl2; polr2a; ppbp; ppif; ppp1r12a; prame; prc1; prdx3; prdx6; prg3; prkar1a; prl; procr; pros1; prr4; prss27; psmc3; psmd5; psmg4; pth; ptn; ptp4a3; ptpn9; ptprb; pvalb; pxdnl; pydc1; qsox1; rab10; rab39b; rabgap1l; rac3; rad51; ralb; raly; rangap1; rap1a; rasa1; rasgrf1; rbm19; rbm25; rbp1; rbp7; rcc1; rcor1; reep4; rest; rexo2; rgma; rictor; ripk4; rnase10; rnf168; rnf31; rnf4; rnf43; robo1; rpa2; rpgr; rpl14; rrp15; rspo3; rtn4ip1; ryr1; saa4; sag; sat2; satb1; sbsn; scgb1a1; scgb2a2; scin; scn2a; scn2b; scn3a; scn3b; scp2; scpep1; sdhb; sema4c; sema4d; sema6c; sema7a; septin7; serpina1; serpina5; serpina7; serpine2; sestd1; sftpa1; sh2b3; sh3gl3; shh; siglec5; sil1; sirt1; skiv2l; sla2; slc13a1; slc1a4; slirp; smad5; smarca2; smndc1; smpd3; smpdl3b; snap25; snx18; snx2; snx9; sod2; sort1; sowaha; sox2; sox9; sparc; spint1; spred2; sprr1b; sptbn2; sptlc1; ssh3; st8sia1; stat5b; stau1; steap4; stx1b; stx3; stx6; stxbp3; sult2a1; sumf2; susd4; sv2a; tacc3; tagln3; tax1bp1; tbcc; tcl1b; tcp11; tdp1; tdrkh; terf1; tet2; tf; tfap2a; tfpi; thap12; thpo; thsd1; thtpa; tjp3; tlr1; tlr2; tmed10; tmed4; tmem132a; tmem25; tmod4; tnfrsf11a; tnfrsf8; tnpo1; tomm20; top1mt; top2b; tp53bp1; tp73; tpk1; tppp3; tprkb; tpsd1; tpsg1; tpt1; traf3; traf3ip2; trdmt1; treml1; trim26; tsc1; tshb; tspan1; tspan7; tspan8; tspyl1; ttf2; tubb3; txk; txndc9; txnl1; txnrd1; tymp; ubqln3; ufd1; ugdh; ung; upk3a; upk3bl1; uso1; usp8; vasn; vcpkmt; vim; vipr1; vnn1; vstm2b; vstm2l; vtcn1; vwa5a; wdr46; wfdc1; xpnpep2; xrcc4; zcchc8; znf174; znrf4; zp4
Leukemia,aarsd1; adamts15; adamts8; bmp6; cd200; cdh2; igsf3; ly9; ly96; myo6; retn; sdc4; tnfrsf13b; usp28,acaa1; amotl2; app; arntl; cxcl10; gage2a; hmbs; pdxdc1; vim
NHL,adcyap1r1; agr3; ahsp; aldh3a1; anpep; artn; batf; cd70; comp; cxcl13; fcrl3; il13ra1; il17rb; il1r1; il24; kcnip4; pdcd1; prtn3; retn; tnfrsf13c; tnfrsf9,aarsd1; aldh5a1; bhlhe40; bnip2; c1qtnf6; c1qtnf9; ca12; ckmt1a_ckmt1b; clic5; cngb3; cnpy2; ctag1a_ctag1b; dapp1; dlgap5; dock9; evi2b; gask1a; hbz; icam4; il17ra; il20rb; il2rb; il3; il4; kir3dl2; klk15; metap1; micb_mica; mmut; mprip; mthfd2; nagpa; nlgn1; pafah2; pdia5; polr2a; ppbp; serpine2; tbl1x; tf; thap12; tnpo1
OA,acaa1; acan; ace2; ache; acta2; actn2; acy1; ada2; adam15; adam9; adamts16; adamtsl2; adamtsl5; adgrb3; adgrd1; adgre2; adgrg2; adipoq; afp; agr3; agt; ahcy; ahsp; aida; ak1; alcam; aldh3a1; aldh5a1; ambp; amot; angpt2; angptl2; angptl3; angptl4; angptl7; ankrd54; anxa1; anxa10; anxa2; anxa5; aoc3; apoa1; apoa2; apof; apoh; apol1; app; aprt; arhgap25; arsa; asgr1; aspn; ass1; atp6ap2; atp6v1f; atraid; axin1; b2m; bag6; baiap2; bambi; bcan; bcat1; blmh; bmp4; bmp6; bmper; bpifb2; brk1; bsg; btc; btn2a1; c19orf12; c1rl; c3; c7; c9; ca1; ca14; ca3; ca5a; ca9; calb1; calb2; calca; camlg; cant1; capg; caps; carhsp1; casc3; casp1; ccdc80; ccl11; ccl13; ccl15; ccl17; ccl18; ccl2; ccl24; ccl25; ccl26; ccl4; ccl7; ccl8; ccn2; ccn3; ccn5; cd109; cd1c; cd209; cd22; cd248; cd27; cd276; cd2ap; cd300a; cd300lf; cd33; cd34; cd38; cd46; cd63; cd72; cd83; cd99; cda; cdc27; cdh1; cdh15; cdh2; cdhr2; cdnf; cdsn; cebpb; cela3a; ces2; cfc1; cfh; cfi; cfp; cga; cgb3_cgb5_cgb8; chac2; chchd10; chi3l1; chit1; cilp; cit; clec14a; clec4d; clec5a; clmp; clpp; clstn1; clul1; cntf; cntn2; cntn5; coch; col15a1; col5a1; col6a3; col9a2; cpa1; cpa2; cpa4; cpxm2; crip2; crtac1; crtap; crybb2; csf2; csf3; csnk2a1; cspg4; csrp3; cst1; cst5; cst6; cst7; cstb; ctsd; ctsf; ctsh; ctsl; ctsv; ctsz; cx3cl1; cxcl11; cxcl14; cxcl5; dbn1; dcbld2; dcn; dcun1d1; dcxr; ddc; ddr1; ddt; defa1_defa1b; defb103a_defb103b; defb116; defb4a_defb4b; dhps; dnph1; dpp6; dpp7; draxin; ece1; eda2r; edar; edn1; efcab14; efemp1; egfl7; eif1ax; eif5a; eln; eloa; endou; eno3; enpp5; enpp7; entpd6; entr1; ephx2; eppk1; eps8l2; erbb2; eri1; ermap; ezr; f11r; f3; f7; fabp1; fabp9; fam20a; fam3b; fam3d; fap; faslg; fcamr; fcgr3b; fcn1; fcrl2; fcrlb; fen1; fgf5; fgfbp3; fgfr4; fgr; fkbp4; flt3; fmnl1; fndc1; fst; fstl1; fstl3; fuca1; fut3_fut5; galnt2; galnt7; gapdh; gcnt1; gdf15; gfap; gga1; ggact; ggh; ggt1; gh1; gh2; gimap7; glo1; glrx; gm2a; gmpr; gnly; got1; gp6; gpc5; gpd1; gpkow; gpnmb; gpr15l; gpr37; grp; gsta1; gsta3; gzma; havcr1; hbegf; hbq1; hddc2; hla_dra; hla_e; hmox1; hmox2; hnmt; hs6st1; hsbp1; hsdl2; hspa2; hspb1; hspb6; hspg2; hyou1; icam2; icam5; ifi30; ifng; igf1r; igfbp1; igfbp4; igfbpl1; igsf3; igsf8; ikbkg; ikzf2; il12a_il12b; il12rb1; il13; il15ra; il17d; il18; il18rap; il19; il1r1; il1rap; il1rn; il31; il32; il4r; il5; il7r; inhbc; insl4; insl5; ipcef1; iqgap2; irak1; itga6; itgax; itgb1bp1; itgb5; itih3; itm2a; itpr1; itprip; jam2; jchain; jun; kcnc4; kif1c; kif22; kir2dl2; kirrel2; kit; klk11; klk13; klk14; klk7; klrf1; krt18; krt19; krt8; lair1; lamp2; lamp3; lap3; layn; lbp; lbr; lcn15; lefty2; lep; lgals1; lgals3; lgals4; lgals7_lgals7b; lgmn; lhpp; lifr; lilra6; lilrb1; lilrb4; lilrb5; lmnb2; lrg1; lrig1; lrig3; lrp11; lrrc38; lsm8; ltbp3; luzp2; ly6d; ly9; lyve1; mamdc2; man1a2; mapk9; mdga1; mdk; med18; megf10; mep1b; mertk; mfap4; milr1; mme; mmp12; mmp15; mmp7; mnda; mpi; mrc1; mri1; msln; msmb; msr1; mtpn; mtus1; muc13; myl1; myl3; myo9b; myom3; mzb1; naprt; nbn; ncan; ncf2; ncr1; ncr3lg1; ncs1; ndufs6; necap2; nedd9; nell2; nfkbie; nhlrc3; nlgn1; nmnat1; notch3; npdc1; nptxr; npy; nrcam; nrp1; nrtn; nt5e; ntf3; ntprobnp; nxph1; odam; ogfr; ogn; padi2; pag1; pak4; palm; pamr1; parp1; pcdh1; pcsk9; pdgfra; pdgfrb; pdrg1; pglyrp1; pgr; phospho1; pi16; pigr; pik3ap1; pik3ip1; pilra; pilrb; pla2g15; pla2g1b; pla2g2a; plat; plaur; plcb1; plin3; plscr3; plxna4; pnpt1; pof1b; pomc; ppp3r1; ppy; prap1; prcp; prdx1; prdx2; prdx3; prdx5; prdx6; preb; prelp; prg2; prkab1; proc; prss2; prss53; prss8; psg1; psma1; psmd9; psme1; psmg3; pspn; ptgds; ptprc; ptprf; ptprh; ptprm; ptprz1; ptx3; pxn; qsox1; rabepk; rabgap1l; raly; rarres1; rassf2; rbks; rbp2; relt; rgcc; rgmb; rnase10; rnase3; rnf4; robo1; robo2; rrm2b; rrp15; rtn4r; s100a12; s100a13; s100a16; s100a4; s100p; sat2; sbsn; scara5; scarf1; scg3; scgb1a1; scgn; scn3b; scn4b; scrg1; sele; sell; sema3f; sema4c; sema6c; septin8; serpina11; serpina7; serpina9; serpind1; serpinf2; sez6l; sfrp1; sgsh; sh2b3; siglec7; siglec8; sirpb1; sirt1; slamf1; slamf8; slc4a1; slitrk6; slk; smad1; smoc1; smoc2; smpd1; snu13; snx15; sost; spink1; spink2; spink4; spink6; spint1; spint2; spint3; spock1; spon2; sprr3; ssc4d; ssc5d; st3gal1; st6gal1; stab2; stx16; stx4; stx6; stx8; sult2a1; sumf2; susd5; tank; tars1; tbc1d17; tbcc; tcn2; tcof1; tctn3; tfpi2; tg; tgfbi; thbd; thbs2; thbs4; thpo; tie1; timp1; timp2; timp4; tmem132a; tmprss5; tnc; tnf; tnfaip8l2; tnfrsf10a; tnfrsf11b; tnfrsf13c; tnfrsf17; tnfrsf1a; tnfrsf21; tnfrsf4; tnfrsf6b; tnfrsf8; tnfrsf9; tnfsf11; tnfsf13; tnfsf8; tnxb; tpbgl; tpmt; tpp1; tpsab1; traf2; traf3; trem2; trim21; trim24; trim5; tsc1; tsc22d1; tspan1; ulbp2; umod; uros; uxs1; vasn; vcam1; vegfb; vegfd; vmo1; vnn2; vsig10l; vtcn1; vwf; wars; wasf3; wfdc1; wfdc12; wfdc2; wfikkn2; wnt9a; xpnpep2; yap1; yju2; zbtb17; zcchc8,a1bg; abo; acadm; acadsb; acot13; acp1; acrbp; ada; adam12; adam22; adamts1; adgrv1; afm; aif1; aifm1; akap12; akr1b1; akt2; alpi; amdhd2; amy1a_amy1b_amy1c; ank2; ankmy2; ankra2; anpep; anxa3; ap3s2; apob; apobr; apod; apoe; apom; araf; arfip1; arg2; arhgap30; arhgap45; arhgap5; arhgef5; arid3a; arl13b; armcx2; arntl; arsb; asah1; asrgl1; atox1; atp2b4; atp5f1d; atxn2; atxn2l; atxn3; azu1; b3gat3; bag4; batf; bax; bcl2l15; bcl7a; bcl7b; bglap; bhmt2; birc2; bloc1s2; bmp10; bnip2; bnip3l; brap; brd2; brd3; brdt; bsnd; btd; c1galt1c1; c1qtnf5; c2orf69; ca11; cabp2; cacnb3; cadps; calcb; camkk1; casp3; casp9; cat; cblif; ccdc50; ccl14; ccl5; ccnd2; cct5; cd101; cd163; cd164; cd2; cd200; cd200r1; cd244; cd36; cd3d; cd58; cd69; cd84; cd86; cdan1; cdh3; cdkl5; cdkn1a; cdon; ceacam20; cebpa; celsr2; cep152; cep290; ces1; cetn3; cfhr5; cgn; chga; chm; chmp6; cirbp; ckb; clasp1; clec3b; clec4a; clec4m; clec6a; clgn; clint1; clns1a; clu; cmc1; cnpy2; cnst; col3a1; col4a1; colec12; copb2; coro6; cplx2; cpq; cpxm1; cracr2a; creld2; crisp3; crlf1; crym; csde1; csf1r; csnk1d; cspg5; ctf1; cthrc1; ctnna1; cwc15; cxcl1; cxcl6; cxcl8; cyb5r2; cyp24a1; daam1; dand5; dapk2; dapp1; dctn6; ddah1; ddx25; ddx4; ddx53; dgcr6; dgka; dhodh; dkk1; dkk3; dlg4; dll4; dmp1; dnajc21; dnm1; dnm3; dnpep; dpep2; drg2; dscam; dtd1; dut; dync1h1; dynlt1; dynlt3; echdc3; eci2; ecm1; eddm3b; edem2; edf1; ednrb; efna4; efnb2; eif5; ensa; entpd2; ep300; epha4; ephb4; erp29; erp44; ervv_1; evi2b; exosc10; f12; f13b; f2; f2r; fam171a2; fam171b; fbn2; fcer2; fdx1; fdx2; fetub; fgd3; fgf12; fgf16; fgf20; fgf21; fgf3; fgl1; fhip2a; fkbp14; fkbp1b; fmr1; fn1; folh1; folr3; fos; frmd4b; frmd7; fut1; fyb1; fzd8; gabarapl1; gabra4; gad2; gadd45b; gage2a; gart; gas2; gask1a; gast; gata3; gatd3; gbp1; gbp2; gbp6; gchfr; gclm; ggct; ghr; gigyf2; glipr1; glrx5; glt8d2; gngt1; gnpda2; gp5; gpa33; gpihbp1; gpr101; gprc5c; grin2b; grk5; gstm4; gstp1; gstt2b; gtpbp2; guk1; gys1; hagh; hao1; hars1; hbz; hdac8; hdac9; heph; hgfac; hhex; hip1; hmbs; hmcn2; hmgcl; hmgcs1; hnf1a; hpcal1; hrc; hsd11b1; hsd17b3; hspa1a; htr1a; htr1b; icam3; icam4; ifit3; ifnl2; ift20; igbp1; igdcc4; igfbp2; igfbp3; ighmbp2; iglc2; iglon5; igsf21; il13ra2; il17f; il1a; il22; il22ra1; il25; il2rg; il5ra; impg1; inpp1; inpp5d; inpp5j; insl3; irag2; itgal; itgbl1; itih1; itih4; itih5; izumo1; jam3; kdm3a; kiaa0319; kiaa1549l; kiaa2013; kirrel1; klk3; klkb1; klrc1; krt5; l3hypdh; lacrt; lactb2; lama1; lama4; lat2; leg1; leo1; lgals3bp; lilra3; lilra4; lmnb1; lrfn2; lrp2; lrrc59; ltb; lyn; lypd8; lysmd3; m6pr; magea3; man2b2; manf; mansc1; map1lc3a; map2k6; mapkapk2; matn2; mcfd2; mcts1; mecr; med21; megf11; mesd; mfap5; mia; micall2; mindy1; mki67; mllt1; mnat1; morc3; morf4l2; mpo; mrpl24; mrpl28; mrpl52; mrpl58; mthfd2; mtif3; mtss1; mxra8; myh4; myh7b; myl6b; myo6; myoc; myom2; mzt1; naa10; naaa; nagpa; nap1l4; nars1; ncln; nek7; nexn; nfat5; nfic; nid2; nme1; nmi; nmrk2; npl; ntf4; nubp1; nudt15; nup50; nxpe4; omp; ophn1; orm1; osbpl2; osm; ostn; otoa; pacs2; paep; paip2b; palld; palm3; pam; pard3; pbk; pbxip1; pcdh12; pcna; pcsk7; pcyt2; pdap1; pde1c; pde4d; pdgfa; pdgfb; pdia3; pdia4; pdlim5; pdzd2; pdzk1; pear1; penk; pepd; pf4; pfdn2; pglyrp2; pglyrp4; phldb1; pikfyve; pinlyp; pkn3; pla2g4a; plg; plpbp; plxnb3; pmm2; pms1; pnlip; pnliprp1; ppbp; ppcdc; ppie; ppif; ppl; ppm1b; ppp1r14d; ppp2r5a; prame; prc1; prkag3; prkd2; prnd; procr; prtg; psap; psca; psip1; psmc3; psmd5; ptgr1; pth1r; ptp4a3; ptpn1; rab10; rab27b; rab37; rab39b; rab3gap1; rab44; rab6b; rad51; ralb; ranbp2; rap1a; rapgef2; rarres2; rasgrf1; rbpms2; reg1b; reg3g; relb; rgma; rgs10; rhoc; rida; rilpl2; ripk4; rln1; rnaseh2a; rnf149; rnf168; rnf5; robo4; ror1; rpa2; rps10; rtbdn; rtkn2; ruvbl1; ryr1; s100a14; s100g; sag; sart1; sat1; satb1; scin; scly; scp2; scrib; sct; sdc4; sdccag8; selenop; sema4d; sema7a; septin3; serpinb9; serpine1; serping1; serpini1; serpini2; sestd1; sf3b4; sfrp4; sh3bgrl2; sh3glb2; sirt2; sirt5; skap1; skap2; slc12a2; slc13a1; slc16a1; slc27a4; slc34a3; slc44a4; slc51b; slc9a3r1; slc9a3r2; slirp; slitrk1; smad3; smpd3; snca; snx18; snx5; sox9; spaca5_spaca5b; spag1; spesp1; spink8; sprr1b; st13; st8sia1; stam; stambp; stoml2; sugp1; sv2a; swap70; syngap1; tarm1; tax1bp1; tbcb; tbr1; tcl1a; tdo2; tef; tek; terf1; tex101; tex33; tff1; tgfbr1; tgfbr3; tgm2; tgoln2; thap12; thtpa; thy1; tia1; tigit; timp3; tjp3; tlr1; tlr2; tmco5a; tmed4; tmed8; tmem106a; tmprss11d; tmprss15; tnfrsf13b; tor1aip1; tp73; tpk1; tpm3; tppp2; tppp3; tprkb; tpsd1; tpt1; trdmt1; treml1; trim26; trim40; tspan15; tspan7; tspan8; tspyl1; tst; ttn; txndc15; txnl1; tymp; ubac1; ube2b; ufd1; ugdh; unc79; upk3bl1; vat1; vcan; vps37a; vps4b; vps53; vsig10; vsig2; vsir; vstm2b; vti1a; wasf1; xiap; yes1; yy1; zfyve19; znf174; znf830; znrf4; zp3; zp4
OSP,acta2; adgre2; adipoq; afp; agr2; agxt; akt1s1; aldh3a1; angptl1; angptl2; aplp1; apoa1; arhgap1; arhgap25; asah2; atf2; bcat2; bmp4; bst1; c4bpb; ca4; calb1; ccdc80; ccl13; ccl18; ccl24; ccn5; cd164; cd276; cd70; cd99; cdcp1; cdsn; ceacam6; cend1; ces1; cga; cgref1; chac2; chit1; clstn1; cntn3; col5a1; cpe; crhbp; crim1; crisp2; crlf1; crtam; csnk1d; ctso; ctss; cuzd1; cxcl12; cxcl17; cxcl9; ddc; dmp1; dsg2; duox2; egfr; epcam; erbb2; esm1; faslg; fen1; fgf19; fgf5; fkbp7; fli1; flt3lg; foxo3; fshb; fus; galnt3; galnt5; gas2; gdf15; gfra1; gfral; gh2; ghr; gpa33; gpc5; havcr1; havcr2; hk2; hmcn2; hpgds; hsp90b1; icam2; icoslg; ifng; igdcc4; igfbp2; il17a; il17rb; il32; il3ra; il6; il6r; il6st; irag2; ism1; itga11; itih3; ivd; kif1c; kitlg; lag3; lair2; lamp3; lbp; ldlr; lefty2; lepr; lgals3; lilrb2; lrtm1; ltbp2; ly9; mepe; met; metap1; mfap5; mmp9; muc16; myo9b; myom1; mzb1; nacc1; nbn; nefl; nppb; npy; nrtn; ntf4; ntprobnp; nudt2; odam; osmr; paep; pcsk9; pdia2; pdp1; pgr; phospho1; pilra; pkd2; pla2g10; pm20d1; pnliprp2; pnpt1; polr2f; ppt1; prcp; prelp; prok1; prss27; psg1; ptprm; ptprr; ptprz1; reg1a; ren; ret; rtn4r; scarf2; scg3; scgb3a2; serpina1; serpina11; sfrp1; sfrp4; sh2d1a; slamf6; slc13a1; slc28a1; slit2; sncg; sost; spesp1; spint1; spint3; spp1; ssb; ssc5d; st3gal1; tagln3; tdgf1; tgfa; thrap3; timp4; tlr3; tmco5a; tnc; tnfrsf10a; tnfrsf11b; tnfrsf6b; tnfsf11; tpbgl; treh; trem2; tslp; txndc15; vcan; vim; vstm2l; wasl; wfdc12; wnt9a; zbp1,aarsd1; abo; acan; ache; acox1; acp6; adcyap1r1; adgre5; afap1; agrp; agt; aida; amdhd2; apoa2; apobr; apod; apoe; arhgef5; arl2bp; armcx2; atox1; atp1b1; atp1b3; atp5f1d; atp6v1d; batf; bcl7a; bcl7b; blmh; bloc1s2; brme1; btla; c1qtnf5; c7orf50; ca6; ca7; cacna1c; cacna1h; cacnb1; casp10; ccdc28a; ccl28; cd14; cd164l2; cd209; cd300lf; cd3e; cd3g; cd58; cdan1; cdc123; cdhr5; ceacam8; cebpa; cep112; cep164; cep350; chad; chmp6; clec12a; clec7a; clns1a; clpp; cntf; col4a4; coro6; cox6b1; cpa2; cpa4; cpb1; cpvl; creb3; crhr1; crnn; crtap; csde1; csh1; cst5; ctag1a_ctag1b; ctsb; dapp1; dcn; ddx25; decr1; defb118; dgkz; dipk1c; dkk1; dnlz; dpp6; dtymk; ece1; echs1; ecscr; ednrb; eif2s2; entpd2; epb41l5; epha10; epo; erc2; espl1; f10; fcn2; fdx1; fgf3; fgf9; fgfbp2; fgl1; flt1; fmr1; fos; fzd10; gage2a; gba; gbp2; gbp4; get3; ghrhr; gipr; glyr1; gpr101; grk5; hadh; hbq1; hbz; hmgcl; htr1b; hyou1; ift20; igfl4; igsf21; igsf9; ikzf2; il19; il2; il20; il20ra; il20rb; il24; il25; il3; il33; il34; islr2; ism2; itga6; itgax; jmjd1c; khdc3l; kiaa2013; kif20b; kir3dl2; kirrel1; klk12; klk15; klrc1; lamtor5; lelp1; lhb; lipf; lpa; lsm1; lyar; lyve1; mag; man1a2; map1lc3b2; matn3; mki67; mllt1; mmp15; mn1; mnat1; morf4l1; mrpl24; mrpl28; mtdh; mucl3; myh4; myl1; myoc; naga; ncln; nectin1; nell2; nenf; nexn; nfatc3; nfic; nfkb2; nfu1; ngfr; nme1; nme3; nop56; nphs1; npr1; nt5c3a; padi4; pagr1; palm3; pamr1; pcdh12; pde1c; pga4; pglyrp4; phldb2; pinlyp; plxdc1; pnma1; postn; ppbp; ppm1a; ppm1b; ppp1r14d; ppy; prc1; prg2; prkcq; proc; prr5; prrt3; psapl1; psmc3; psmd5; pten; ptk7; ptprn2; ptx3; pvalb; rarres2; rasa1; rasgrf1; rbm25; rcc1; rexo2; rgs8; rictor; ripk4; rnf4; ror1; rpe; rrp15; rtkn2; s100a3; saa4; scarb1; scn2a; scn3a; sdhb; sdk2; sec31a; selp; septin7; sftpd; sh3bgrl2; sh3bp1; shh; shpk; sit1; smc3; smpd3; smpdl3a; smpdl3b; sms; spag1; sprr1b; sptbn2; stoml2; stx3; sumf1; tacc3; tacstd2; tank; tars1; tbr1; tet2; tgfbr1; tie1; tlr4; tmed10; tmed4; tmem132a; tnfrsf17; tnpo1; tp53bp1; tprkb; tpsab1; trpv3; tshb; tspan7; tymp; tyrp1; ubqln3; upk3a; uros; vegfc; vnn2; vsig10; yy1
PD,acaa1; acp5; acy1; adamts16; adgrg2; aif1; amigo2; amn; angpt1; anxa10; aoc1; arnt; bcam; bcl7a; bmp6; bpifa2; c4bpb; ca6; ccl21; ccn2; cd209; cd274; cd276; cd48; cdh1; cdhr2; ces3; clec10a; clec1a; clpp; clps; clstn1; cndp1; col9a1; cpb1; cr2; crim1; crtac1; cxcl11; dcn; dner; dpep1; dpep2; draxin; eda2r; egfr; enpp2; fabp1; fabp6; faslg; fcn2; fgf3; fgf5; flt4; fmr1; fuca1; gart; gfod2; gfra2; ggh; ggt1; gh2; ghrl; gprc5c; gzma; havcr1; hmox1; hspb6; ifnlr1; ikzf2; il13; il17rb; il18rap; il5ra; itgam; itgb1bp1; itgb7; kif20b; krt14; krt19; krt5; lamp2; leg1; lgals4; lilrb5; ltbp2; megf9; mertk; mfap5; mmp10; mmp13; mpo; mstn; ncam1; ncam2; nefl; nell2; notch3; npr1; nptxr; pgf; pigr; pla2g10; plxdc1; pm20d1; ppy; prcp; ptgds; pth1r; ptx3; pxn; retn; rspo3; rtbdn; s100a12; saa4; scara5; scarb2; scarf2; scg2; scg3; serpina6; sirpb1; skap1; slamf8; slc39a14; slc4a1; slit2; slitrk6; spaca5_spaca5b; tcn1; tctn3; tdgf1; tgfbi; thbs4; tinagl1; tnfrsf11b; tnfrsf4; tnni3; tppp3; tpsab1; vstm2l; vwf; wnt9a,acp1; acta2; adamtsl2; adgrv1; ahsa1; akr1b10; aldh2; amigo1; arg1; arhgap5; atf2; atf4; atox1; atp1b1; atp1b2; atp1b4; bcan; bdnf; blnk; bloc1s2; bnip2; brd3; bst2; btc; c19orf12; c3; camlg; cbln1; ccdc28a; ccl28; cd160; cd3g; cdh17; cdkl5; celsr2; cenpj; cep350; ces2; cgref1; chp1; clec7a; clint1; col1a1; col4a4; cope; cpa1; cpxm1; crebzf; crh; crtap; crx; crybb1; ctrl; ctsb; cxcl12; cxcl13; cxcl3; cyb5a; dcdc2c; dcun1d1; ddx25; denr; dync1h1; edem2; efhd1; elob; enoph1; entpd6; epb41l5; epgn; epha10; ephb4; espl1; evi2b; fam3b; fcrl2; fgf7; fgf9; fgfbp2; fos; frmd7; fut1; gabarap; gabarapl1; gage2a; gata3; gid8; glp1r; glt8d2; gnas; gp2; gp5; gpc5; gpihbp1; gstm4; guk1; h2ap; hbz; hddc2; hmmr; hnf1a; hpgds; icam2; icam4; id4; ifnl2; ifnw1; igdcc3; il13ra2; il17a; il17f; il2; il21r; il25; il33; il36a; inpp1; ivd; jam3; klk1; lama1; lamb1; lamp1; lmod2; lrp2; lypd1; magea3; maneal; map1lc3a; mapre3; marco; mdm1; megf11; mfap3; mfap3l; mia; mn1; morf4l1; morf4l2; morn4; mri1; msmb; mybpc2; myl4; myl6b; myom1; ndst1; nfatc3; nfu1; nid2; ninj1; nlgn1; nme3; nmi; nmrk2; nphs2; nrn1; nrxn3; nudt10; nxph1; osbpl2; p4hb; palm3; pard3; pcna; pdcd1; pde4d; pdgfa; pdgfc; pecam1; pga4; pklr; pms1; pnliprp1; pnma2; prame; prkcq; prnd; psca; psmd1; ptprm; pydc1; qpct; rab6b; rasa1; rbpms; rgmb; rrp15; rtkn2; scarb1; scn2b; scp2; septin7; sfrp4; shc1; shd; shh; slc1a4; slc34a3; slc51b; slirp; slk; smndc1; sprr1b; sptlc1; st8sia1; stau1; steap4; stx3; sumf1; syngap1; tagln3; tarm1; tfap2a; tff3; tgfb2; tk1; tmed1; tmprss11b; tmprss15; tnfrsf10c; tnfsf13; tnfsf8; tnxb; tp73; tprkb; tpt1; tspan15; txndc9; tyro3; ubqln3; uhrf2; upk3bl1; vipr1; vstm2b; xpnpep2; znf174; znf75d; znrf4
RA,agt; amn; anp32c; arid4b; arntl; bgn; bid; bmp10; c1qtnf1; c4bpb; c5; ca6; ccl2; cd14; cd27; cd34; cdc25a; cdcp1; cep112; chek2; chga; chit1; clns1a; cpe; crtap; cxcl13; cxcl9; dbh; dcn; dsg4; f13b; f3; fcar; fdx2; fgfbp1; gdf15; gm2a; guca2a; hagh; havcr2; icam3; igfbp4; il10ra; il5; kcnc4; kdr; kir3dl1; klrb1; lair1; lair2; lgals9; lrrn1; mmp3; msln; mylpf; nos3; npy; odam; ofd1; padi4; pdcd1; prr4; rab37; ranbp1; rspo1; ruvbl1; ssbp1; tgfbr1; thbd; tnc; tnfrsf10b; tnfrsf10c; tnfrsf1a; tnfrsf4; tnfrsf8; tnfsf11; tnfsf13b; uxs1; vamp8; vsig4; wars,aarsd1; adamts13; afm; ahsa1; ahsp; amy1a_amy1b_amy1c; amy2a; aoc1; arg1; arhgap30; bcl7b; bex3; btla; c1qtnf6; c9orf40; ca8; cacna1h; ccdc134; ccne1; cdh4; ceacam3; cep152; cep164; copb2; cope; cr1; csh1; dand5; dapk2; dcun1d1; ddx1; dync1h1; eif2ak3; esm1; fam171b; fgf9; fos; gabarapl1; gart; gfap; gid8; gja8; glyr1; gnas; hmmr; hnf1a; hrc; hspb1; il17a; il34; il4; il9; kirrel1; klk3; krt6c; lmod2; lrig1; lrp2; lxn; ly75; mcee; metap1; mmp10; mnat1; morn4; mtpn; myh4; nme1; npm1; nudt10; nudt2; nxpe4; nxph3; omp; pdrg1; phldb2; pnliprp2; pnma2; prnd; prr5; prtn3; pstpip2; ptpn9; ptx3; rpgr; sbsn; scp2; serpina12; sh3gl3; skiv2l; snx18; ssh3; st8sia1; sv2a; thap12; tmod4; tnr; tp53bp1; tppp2; tprkb; treml1; trim26; tshb; ubxn1; vat1; ythdf3
T2DM,a1bg; abl1; acp5; acp6; actn4; acy1; ada; ada2; adam12; adam22; adamtsl2; adgre1; adgrg2; adipoq; afm; ahsp; aifm1; amot; amy1a_amy1b_amy1c; amy2a; ang; angpt2; anxa10; aoc3; apex1; apoa2; apoc1; apoh; apol1; apom; areg; arhgap25; art3; atp6ap2; atp6v1f; atrn; atxn2l; b3gnt7; bambi; bcan; bglap; bpifa2; bpifb1; brk1; bsg; c1qbp; c1rl; c2; ca12; ca14; ca4; ca5a; ca6; calca; camlg; cant1; casp1; casp10; ccl19; ccl23; ccl27; ccl4; ccl7; ccl8; ccn3; ccs; cd109; cd27; cd300lg; cd33; cd40lg; cd55; cd58; cd63; cd8a; cdcp1; cdh15; cdh2; cdh6; cdhr2; ceacam21; ceacam6; cela3a; ces2; cfc1; cfh; chek2; chi3l1; chrdl2; ckap4; clec10a; clec3b; clec4c; clec5a; clgn; clstn3; clu; cntn3; cntn4; col18a1; col1a1; col5a1; cpe; creg1; creld2; crhbp; csf2; csh1; cst6; cthrc1; ctsb; ctsd; ctsv; cxcl10; cxcl11; cxcl14; cxcl9; dag1; dbh; dcun1d2; dhps; dipk2b; dkkl1; dmp1; dnaja2; dnlz; dpp6; dpt; edil3; efcab14; egln1; eln; entpd5; epo; ereg; ezr; fam3c; fam3d; fcamr; fetub; fga; fgf2; fgfbp1; flt3; fndc1; fosb; galnt7; gas6; gast; gbp2; gbp4; gdf15; gdf2; gdnf; gfra2; ggt1; ghrl; gkn1; glb1; glo1; glp1r; gmpr; golm2; gp2; gpc1; grn; gstp1; guca2a; gys1; hepacam2; hgfac; hmox2; hsd17b14; hsp90b1; hyou1; icam1; icam2; icam3; idi2; ids; ifnl1; igfbp1; il12rb1; il15; il17c; il17d; il19; il1r1; il1rap; il1rl2; il1rn; il22; il3ra; il5ra; il7r; iqgap2; itgb1bp1; itm2a; kdr; kel; kir3dl1; kirrel2; kitlg; klk14; klk4; klk8; krt5; krt6c; l1cam; lag3; lair2; lamp3; lcn15; lcn2; lep; lepr; lgals4; lgals7_lgals7b; lhpp; lifr; lilra5; lpl; lpo; lpp; lrg1; lrp1; lrp11; lrrc25; lrrn1; ly6d; ly96; lypd1; lypd8; mamdc2; map2; mapk9; matn2; mep1a; mia; micb_mica; mmp7; morn4; mucl3; mxra8; mybpc2; nagpa; nbn; ndrg1; nfasc; ngf; nid2; nme1; nppc; nptx1; nptxr; nrcam; nrp1; ntf3; ntf4; ntrk2; nudt2; nxph1; oscar; osm; palm2; pam; pamr1; pdgfra; pi3; pilra; pla2g1b; pla2g7; pmm2; prap1; prrt3; prss2; psg1; pspn; ptprf; ptprm; ptprn2; pydc1; pyy; rab6a; rassf2; relt; rnase1; rnase3; rspo3; s100a11; s100a13; s100a16; s100p; scara5; scg2; scgb3a2; scgn; scn2a; scp2; sema7a; septin9; serpina12; serpina4; serpina5; serpina9; serpind1; setmar; sfrp1; sftpd; sh2d1a; shbg; siglec10; siglec15; siglec7; siglec9; slc12a2; slc39a14; slc39a5; slit2; slitrk2; slitrk6; sned1; snu13; sorcs2; sost; spink1; spink4; spink6; spock1; srp14; ssc5d; tcn2; tff2; tfpi2; tg; tgfbr2; tie1; tigar; tlr3; tnfrsf10a; tnfrsf11a; tnfrsf11b; tnfrsf14; tnfrsf1a; tnfrsf21; tnfrsf8; tnfsf12; tnxb; trem2; trim40; tspyl1; txndc15; umod; uros; vat1; vcan; vegfa; vegfd; vmo1; vstm2l; wfdc12; wfikkn2; xcl1; xg; xpnpep2; zp4,abo; acaa1; acadsb; actn2; acy3; adam15; adamts8; adcyap1r1; adra2a; afp; ahnak; ahsa1; ahsg; aida; ak2; akr7l; aldh2; alms1; amdhd2; amigo1; amotl2; ankra2; anp32c; anxa4; aoc1; apbb1ip; aplp1; apob; app; araf; arfip1; arhgap1; arhgap30; arhgap5; arhgef12; arid3a; arl13b; arnt; arntl; atf2; atox1; atp1b1; atp1b3; atp1b4; atp2b4; atp5f1d; atp5po; atp6v1d; atp6v1g2; axl; b3gat3; batf; bche; bcl2l11; bcl7b; bex3; bloc1s2; bmp4; bnip2; bola1; bola2_bola2b; brd2; brd3; brdt; brme1; bsnd; bst1; bst2; btn1a1; btnl10; c1qtnf6; c1qtnf9; c5; c7orf50; ca11; ca7; ca8; ca9; caly; casp4; cat; cbx2; ccar2; ccdc28a; ccdc50; ccer2; ccl25; ccl28; ccn2; cd163; cd2; cd226; cd6; cd69; cd7; cd79b; cd82; cd84; cdan1; cdc123; cdc26; cdc27; cdh22; cdh23; cdh5; cdkl5; cdkn2d; cdsn; ceacam16; ceacam18; ceacam20; ceacam5; cela2a; celsr2; cenpj; cep112; cep152; cep350; cfhr5; cfi; cgn; chgb; chmp1a; chp1; chrm1; cirbp; ckmt1a_ckmt1b; clasp1; clc; clec2l; clec4a; clec4m; clec6a; clpp; clstn1; clta; cndp1; cngb3; cnpy2; cnpy4; cntf; col4a1; col4a4; commd9; copb2; cope; coro6; cpa2; cplx2; cradd; creb3; crebzf; crtap; crygd; csnk2a1; ctla4; ctse; cuzd1; cxcl12; cxcl3; cxcl6; cyb5a; cyp24a1; cyth3; dand5; dapp1; dcdc2c; dctn6; dctpp1; dda1; ddc; ddx1; ddx39a; ddx4; ddx53; defb103a_defb103b; defb104a_defb104b; defb118; dennd2b; dgcr6; dhrs4l2; dipk1c; dkk1; dkk3; dlgap5; dll4; dnaja1; dner; dnm1; dsc2; dtx2; dync1h1; echdc3; eci2; ecm1; ecscr; eddm3b; edem2; ehd3; eif1ax; eng; enpep; epb41l5; epcam; epgn; ephb6; eppk1; eps8l2; erbb4; erbin; ermap; ervv_1; esm1; espl1; evi2b; f3; f7; fabp9; fam172a; fbn2; fcer1a; fcn2; fcrlb; fdx1; fdx2; fgf16; fgf19; fgf20; fgf3; fgf6; fgf9; fgfbp2; fgfbp3; fgfr4; fh; fhip2a; fkbp7; flt4; folh1; fos; ftcd; furin; fut8; fxn; fxyd5; fzd10; gabra4; gad2; gadd45b; gamt; gas2; gask1a; gata3; gatd3; gba; gc; gcg; get3; gfod2; ggh; gh1; gh2; ghrhr; gid8; gja8; gne; got1; gp1ba; gp5; gpd1; gpr158; gprc5c; grap2; grik2; grin2b; grk5; grp; grsf1; gsta3; gstm4; gstt2b; gtf2ird1; guk1; h2ap; hadh; hbegf; hbz; hcg22; hdac8; hdac9; hdgf; heg1; hgf; hif1a; hip1; hk2; hla_a; hmbs; hmcn2; hmmr; hrc; hs6st2; hsd17b3; hsdl2; hspb1; htr1b; icoslg; id4; idua; ifit1; ifit3; ifng; ifnw1; ift20; igfl4; igsf21; ikzf2; il10ra; il11; il12rb2; il13; il17a; il17f; il17ra; il2; il20; il20rb; il21r; il24; il25; il3; il31ra; il33; il36g; il6st; il9; impg1; ing1; insl4; insl5; insr; irag2; ism2; itga11; itgal; itgb5; itgb6; itgb7; itgbl1; itih1; jam3; jmjd1c; kcnc4; kcnh2; kcnip4; kdm3a; khdc3l; kiaa2013; kif20b; kir2dl3; kir2ds4; kir3dl2; klhl41; klk1; klk3; klrc1; klrk1; krt8; lacrt; lama1; lamp1; lamp2; lamtor5; lelp1; lgals8; lhb; lif; lilra4; lipf; lrig1; lrp2; lrpap1; lrrc59; lrtm2; lsm1; lto1; lyn; lysmd3; lyzl2; m6pr; mag; magea3; mansc4; map1lc3a; map1lc3b2; mapk13; mapkapk2; mapre3; mapt; marco; masp1; max; mcee; mcemp1; mcfd2; mdga1; mdh1; mdm1; med21; megf11; mep1b; metap2; mfap3; mki67; mmp10; mmp15; mmp8; mn1; mnat1; morc3; morf4l1; mpo; mprip; mrpl28; mrpl46; mrpl52; mst1; mtpn; myh4; myom1; naga; nampt; ncln; ncr1; ndst1; ndufs6; nectin1; nek7; nell2; neo1; nfatc3; nfu1; nfx1; nfya; ngfr; nhlrc3; nit1; nme3; nmi; nmrk2; nmt1; nomo1; nop56; nphs2; nptx2; npy; nrgn; nrn1; nt5e; nudt10; nudt15; nup50; nxph3; obp2b; ofd1; ogt; omp; oplah; ostn; otoa; oxt; padi2; pafah2; pag1; paip2b; palld; parp1; pcare; pcdh9; pcna; pcolce; pde1c; pde4d; pdgfa; pdgfrb; pdia2; pdia5; pdrg1; pdxdc1; pdzk1; pear1; pepd; pfdn2; pfdn6; pga4; pglyrp2; pgr; phactr2; phldb2; pikfyve; pithd1; pkd2; pltp; plxdc1; plxnb3; pms1; pnma2; podxl; ppm1b; ppp1r12b; ppp1r14a; ppp2r5a; ppp3r1; ppt1; prc1; prdx5; prg3; prl; procr; prr4; prss27; prtn3; psca; psmc3; psmd5; ptk7; ptpn9; ptprs; rab39b; rab44; rabepk; ralb; rarres2; rbm19; rbm25; rbp1; rbpms; rcc1; reg3g; relb; reps1; rgma; rgmb; rhoc; rictor; rln1; rnaseh2a; rnf31; rnf43; rpa2; rtkn2; ruvbl1; s100a14; safb2; sag; sap18; sarg; sart1; sat1; sbsn; scarf1; scgb2a2; scin; scn2b; sct; sdc4; sele; selp; sema3f; sema4d; sema6c; septin7; serpinb1; serpinc1; serpinh1; serpini2; sez6l2; sfrp4; sftpa1; sh3bp1; sh3gl3; shd; shh; shpk; siglec1; sil1; sirt1; sirt5; slamf7; slc13a1; slc16a1; slc44a4; slc4a1; slc51b; slurp1; smpdl3b; snap25; snrpb2; snx15; sox2; spag1; sparcl1; spint1; spring1; sprr1b; sptlc1; ssb; ssh3; st3gal1; st8sia1; steap4; stk4; stoml2; stx1b; stx3; stxbp3; sumf1; sumf2; susd1; sv2a; syngap1; tada3; tagln3; tap1; tarm1; tcl1a; tcn1; tcof1; tcp11; tdp1; tef; tet2; tex101; tex33; tfpi; tfrc; tgfb2; thop1; timp3; tk1; tlr2; tmed1; tmed10; tmed4; tnfaip8; tnfrsf12a; tnfrsf13c; tnfrsf17; tnfsf14; tnfsf8; tnpo1; top1; top1mt; tp53; tp53bp1; tp73; tpbgl; tpd52l2; tpp1; tpsg1; treml1; trim26; trim58; trpv3; tspan7; tst; tubb3; txk; txnl1; tyrp1; ube2l6; ube2z; ufd1; ugdh; uhrf2; upk3a; upk3bl1; urod; uxs1; vamp8; vash1; vcpkmt; vnn1; vsig10; vstm2b; vwa5a; wasf3; wasl; wdr46; yy1; zbp1; zcchc8; znf174; znrf4; zpr1
